guest_id,first_name,last_name,mobile_phone,home_phone,id_type,id_number
0,Anthony,Browning,001-754-481-3901x7958,+1-890-420-2544x9203,Passport,888895456
1,Mariah,Little,286.231.1203,949-976-0765,Driver's license,177294243
2,Kristin,Hill,+1-729-824-3384,001-502-267-4514x9274,Student ID,184906474
3,Jose,Hawkins,997.796.3966,+1-373-480-1686x67724,Driver's license,379228299
4,Elizabeth,Ruiz,(936)966-2770x32017,289-928-2420x27171,Driver's license,677545035
5,Jessica,Pitts,632.671.6011x7346,5125214011,Military ID,379703120
6,Andrea,Hays,(304)249-1716x620,(643)216-4507x5854,State ID,928201043
7,Brett,Adkins,577-650-8035x3053,+1-946-336-0975,State ID,588960894
8,Melissa,Jones,406.928.9422x811,456-309-2287x1503,Passport,988173068
9,Nicole,Mcdonald,758.533.7708,+1-465-412-3108x488,Student ID,464212718
10,Heather,Mcintosh,+1-712-968-1504x9637,001-665-813-7465x16813,Passport,549889420
11,Linda,Lewis,001-409-441-7353x43531,001-395-513-1644,Passport,383887455
12,Paul,Norman,290.602.1380,3195651691,Student ID,512199766
13,Kaitlyn,Kelly,001-253-946-6959x008,001-525-605-0445x330,Passport,601282442
14,Jared,Gomez,487-979-4627x19726,624.658.2818x10190,Student ID,500620524
15,Noah,Donovan,955-990-4690,4524730646,Driver's license,908973151
16,Courtney,Nguyen,(291)880-0229x964,(432)752-2901,State ID,651129588
17,Christopher,Drake,(779)993-3386x18926,688.403.3362x6784,Student ID,625838766
18,Eric,Doyle,+1-633-817-1833x302,+1-381-591-5516x07151,Student ID,768280166
19,Elizabeth,Flynn,582-648-5684x573,215-787-6709x64530,Military ID,117172385
20,Joshua,Warren,8203909869,426.727.2292x608,Driver's license,348622902
21,David,Woodward,233-276-6758x63434,(617)527-7413,Passport,317781256
22,Travis,Smith,001-572-703-8930,8318204723,Driver's license,994689855
23,Craig,Schneider,812.378.5101x47694,001-508-377-8727x2643,State ID,320839090
24,Stephen,Phillips,(910)917-0520x0826,001-541-678-2482,State ID,319670876
25,David,Jones,745-875-0525x277,(744)345-1261,Military ID,486328825
26,Richard,Oliver,(511)330-7541x45643,257-997-2592x67199,State ID,791217305
27,Leslie,Henry,(260)367-4057x348,598-409-8826x95294,Driver's license,511318336
28,Thomas,Holmes,+1-222-489-1322x984,001-200-709-4572x16065,Driver's license,696053703
29,Rebecca,Velasquez,(818)303-2788x9000,8522702787,Military ID,923959171
30,Christopher,Robinson,(887)868-8088x4302,(231)237-0907x63305,Student ID,209702057
31,Alexander,Williams,+1-457-445-8530,507-518-5618x311,Passport,998661166
32,Jessica,Anderson,7298254156,001-208-511-2838x186,Student ID,197759517
33,Corey,Chang,775.249.4200,767-460-7534x806,Driver's license,556200384
34,Kim,Martinez,590.933.4800,(474)331-6383,Student ID,33939634
35,Michael,Martinez,6135882596,(267)755-3261x3542,State ID,387280009
36,Daniel,Perkins,(995)832-2663x14329,001-860-977-7346x2947,Passport,98830717
37,Joseph,Adkins,362.440.1725x03849,788-858-0032x4720,Student ID,132581705
38,Charlotte,Anderson,(921)346-7154x56360,001-709-202-8512x04502,Student ID,171027213
39,Mathew,Horton,447.261.5925,+1-636-948-4584x2703,Military ID,128317258
40,Crystal,Melendez,469.252.6864,001-800-973-5603x98992,Student ID,925378392
41,John,Jones,470-879-9075,925.621.2519,Student ID,179320380
42,Michael,Christensen,+1-431-584-6548,607.214.5572,Passport,457038665
43,Donna,Freeman,(758)251-6553x67618,(481)962-7221x0227,Military ID,825731783
44,Roger,Shields,(690)918-9660,266-529-7756x174,Passport,991897377
45,Aaron,James,454-987-0226,544.966.0258,Driver's license,953081520
46,Michelle,Phillips,+1-928-676-3639x95118,279.929.8194,State ID,659896714
47,April,Matthews,001-836-919-3196x943,(922)940-6691,Passport,81321462
48,Brittany,Hoffman,+1-980-928-1094x21098,773.365.8947,Driver's license,809613458
49,Melanie,Gonzalez,+1-433-633-4155x9538,+1-562-329-0935x6557,Student ID,283466218
50,Emily,Torres,001-607-484-8509x94329,479-641-9598,Passport,601651386
51,Brenda,Weaver,(926)646-9087,265.654.7383x4141,Military ID,859041207
52,Samantha,Holland,(826)873-7388x6566,790-728-5526x96799,Military ID,653061626
53,Briana,Lynn,(221)318-1411,+1-282-770-4028x714,Student ID,65563719
54,James,Valenzuela,307.870.3497,+1-850-567-0580x916,State ID,267374765
55,Melissa,Christian,665-366-4646,386.323.1935,State ID,165433238
56,Anthony,Callahan,413-495-5290x20313,(418)887-6009x1688,Driver's license,637697348
57,Thomas,Hull,+1-873-223-2876,242.856.6503x191,Driver's license,962247078
58,Eric,Lewis,9618066718,001-413-942-0192x3737,Military ID,244007060
59,Luis,Smith,(721)530-3773,976.865.0847,State ID,844906837
60,Anne,Nguyen,500.934.4210x703,567-485-1709x12571,Student ID,870148825
61,Aaron,Clark,001-433-405-7305x87754,987-859-8831x92672,State ID,381833190
62,Ryan,Mathews,(469)615-1001,2095109142,Passport,800046537
63,Brandon,Casey,667.247.3249,001-295-938-1278x8215,Student ID,127308507
64,Nicole,Mata,001-348-882-9877x381,+1-357-992-6354x3047,Student ID,30989564
65,Jose,Johnson,001-364-988-1500x08235,001-419-663-8448x2056,Student ID,3514246
66,Cathy,Cunningham,303-227-4842,001-627-594-3126x0626,Student ID,644639584
67,Daniel,Orr,594.815.2904,(406)408-2711,Student ID,310721029
68,Dylan,Browning,942-990-0290x08261,762-350-1227x66864,State ID,861544111
69,Nathaniel,Nelson,8806166135,+1-900-467-5287x301,Student ID,190542638
70,Cassandra,Fischer,(515)870-1947,555-316-9573x32628,Driver's license,637171832
71,Alexander,Arnold,(262)814-1349,(202)876-9098,Military ID,345760524
72,Jill,Reid,772.868.9275x55096,(438)914-4032x21742,State ID,702138260
73,James,Glenn,543.226.4469x908,+1-960-940-1253x89991,Student ID,592565328
74,Elizabeth,Gonzalez,(835)436-2223x20348,2793137655,Passport,592893286
75,Wayne,Henderson,305.787.2637x1010,+1-209-308-0633x795,Student ID,28390345
76,Riley,King,+1-515-932-8794x2362,+1-416-636-4365x582,State ID,786668616
77,Christine,Taylor,001-718-699-0370x85072,(459)560-4270x14652,Driver's license,782010000
78,Hector,Lawson,(436)200-1469x2261,001-975-640-2384x46614,State ID,111575817
79,Carrie,Johnston,001-596-633-7896x7788,3423266762,Student ID,600586556
80,Kelly,Lewis,001-819-654-2999x5683,(854)460-9467,Driver's license,123989679
81,Colleen,Miller,(220)297-2423,+1-892-750-7167,Military ID,399060084
82,Vickie,Allen,880.367.7598,001-965-781-0704x9919,State ID,115090117
83,Sean,Turner,+1-218-300-1083x43151,(784)242-9341,Student ID,524040917
84,Katherine,Norton,+1-914-672-4567x4949,383-792-6785,Driver's license,757389720
85,Samantha,Hernandez,(876)716-6832,(376)754-8241,Student ID,190159838
86,Jason,Johnson,210-423-1849x92736,823-488-1016,Military ID,273765465
87,Rebecca,Morales,001-615-940-6925x040,001-252-356-6711x41741,Student ID,150140971
88,Jennifer,Diaz,001-767-354-2539x34988,+1-616-334-0472x69022,Military ID,299445354
89,Kenneth,Choi,292-808-4361x2620,354-409-5636x34772,Passport,844503758
90,Ryan,Hale,(722)534-7572,001-540-893-7824,State ID,818410087
91,Joyce,Harris,935-366-0679,263.534.2782x70513,Driver's license,314004696
92,Angela,West,001-447-298-9961x2951,+1-310-799-3887,Student ID,423048309
93,Teresa,Gilbert,614.814.3691x168,384.317.3359x190,Military ID,310433727
94,Devin,Martin,001-614-771-1967,829.383.8200,Driver's license,733269995
95,Timothy,Underwood,(627)952-5000,+1-412-401-2327,Student ID,213844978
96,Diana,Michael,(950)552-5054x061,(497)542-5014,Passport,989117370
97,Rachel,Reed,001-858-307-1992x889,374.934.6279x42191,Student ID,469977565
98,Mary,Castaneda,+1-665-459-4717x037,673.572.7713,Driver's license,365889637
99,Joshua,Allen,795.815.2201x2658,001-364-969-4404x9480,Student ID,541729404
100,Carlos,Young,001-613-979-5504x62737,980.386.6545x2783,Passport,285261190
101,Nichole,Velasquez,001-830-367-6802,991.224.7280,Student ID,214851038
102,Kimberly,Kirk,001-805-382-7111x26345,(315)319-1723x144,Passport,523500234
103,Chelsea,Smith,753-303-2753,765.240.9060x3090,Military ID,126798524
104,Jacqueline,Oconnor,(730)696-4165x75064,708.455.4874x5939,State ID,410966075
105,Kevin,Wang,607.853.6061x3952,+1-313-456-0059x8967,Passport,573324963
106,Raymond,Jackson,001-511-544-6805x0842,363-390-0905,Military ID,448014181
107,Roy,Brock,001-710-781-8521x494,5667194078,Military ID,396786531
108,Thomas,Hammond,(554)897-0539x219,253.240.7013x84092,State ID,646501976
109,Rebecca,Khan,001-734-785-9188x7846,5214670468,Driver's license,763622267
110,Andrea,Knight,001-730-435-9910,001-851-341-7884x81230,Passport,894761207
111,Denise,Keith,(607)907-4483x5251,(645)753-9004x3071,Military ID,812803515
112,George,Mcdaniel,(854)271-7218,+1-954-972-2315x2089,Driver's license,264391847
113,Lisa,Obrien,001-605-644-6886x64460,366-933-6648x35078,State ID,954773264
114,Kristen,Todd,323.340.6770x058,570.587.6671x563,Driver's license,393487968
115,Henry,King,491.529.6566x51134,4289449674,Student ID,861799150
116,Stephanie,Gilmore,+1-627-385-2640x82038,370.805.5049x60182,Driver's license,991134437
117,Lauren,Morris,829.299.7127,959-319-3635x06046,Passport,176226836
118,Andrew,Dominguez,+1-928-440-9777x9941,+1-507-324-1222x7931,Passport,142073438
119,Lynn,White,001-540-920-1405x182,(385)389-7848x4820,State ID,146408422
120,Clayton,Lam,+1-649-637-9317,760.281.4921,State ID,43031571
121,Steven,Frost,244-593-5195x325,924.834.3971,Passport,790973606
122,Allen,Lopez,001-395-892-5921x449,(830)258-4715,Passport,177286490
123,Gina,Nichols,(951)779-0882,890-683-8394x694,Military ID,607698984
124,Douglas,Johnson,001-818-436-3284x2432,(640)447-8505,Student ID,564208239
125,Isabel,Sampson,744.858.0885x46091,+1-534-920-6992x6289,Military ID,216423989
126,Jimmy,Johns,(955)950-6360x30878,(905)721-8927,Passport,287507649
127,Tina,Johnson,218-432-2725x75828,241-724-3329x98428,Driver's license,659295334
128,Denise,Robles,(408)646-8940x65879,6968759421,Passport,634900459
129,Emily,Smith,484-457-9574,560.973.6332,Student ID,311003776
130,Susan,Logan,+1-720-253-5529x422,869.227.0097,Military ID,64756747
131,Raymond,Moore,001-331-717-1505x355,610-414-5149,Passport,89352321
132,Jerome,Allen,397.748.2736x3229,468-982-4737,State ID,6798413
133,Daisy,Shea,(376)493-3119,986-409-4438x92664,Military ID,288703826
134,Kathryn,Mcgrath,809.211.5662x965,(219)811-4278x33565,Passport,999020622
135,Lisa,Castro,001-432-340-7600x204,436.647.6639x55761,Student ID,810555655
136,Derek,Park,615-790-4018x1910,758.698.8757x9744,Driver's license,378954227
137,Sarah,Johnson,+1-335-649-5316x4237,(809)995-1911x157,Passport,71263722
138,Allison,Romero,232.914.2624,5995775786,State ID,963041814
139,Brandon,Mclean,001-754-975-0997x64202,827-994-7548x406,State ID,950699737
140,Christopher,Miles,(649)461-1849x6315,+1-496-908-1509x10304,Driver's license,419846086
141,Kathleen,Martin,+1-665-715-3851x8383,001-958-940-8897x23644,Military ID,651522171
142,Caroline,Quinn,727-699-8976x77122,+1-390-925-4150x076,State ID,451408596
143,Stephen,Robinson,001-320-989-0312x9937,962-672-3518x61933,Military ID,655545843
144,Ellen,Dixon,+1-276-570-1651,825.633.3371x51734,Driver's license,815990302
145,Kevin,Aguilar,753-471-0886x50635,826.962.5969,Military ID,269285290
146,Lori,Wilson,001-564-843-7353x18215,001-593-512-7101,Passport,172469608
147,Cody,White,+1-395-351-9276x7208,001-931-315-4380,Driver's license,349318025
148,Wendy,Callahan,001-663-271-5665x66118,001-916-550-4380x758,Passport,312220580
149,Justin,Rogers,897-458-0764x39274,(479)289-3261x3065,Student ID,974585416
150,Andrew,Wilcox,+1-699-389-0467x19376,363.246.3648,Driver's license,529028685
151,Amy,Madden,683.215.1382x5652,(239)997-6909x18979,Passport,995380444
152,Jennifer,Adams,673.654.4316,387-927-5898x723,Military ID,826311147
153,Emily,Haynes,773-736-0924,001-340-453-8662x753,State ID,764162014
154,Brian,Whitaker,8467348047,+1-414-814-7707x51867,Passport,605820503
155,Danielle,Cunningham,001-313-348-0784,001-522-286-3391x1368,Passport,819412565
156,Justin,Roberts,001-209-240-0337x036,+1-822-454-1700,State ID,717972156
157,Sherri,Ross,478-387-9182x17895,945-528-7732,Driver's license,434369241
158,Tony,Mcdaniel,001-502-761-0321x9467,573.527.9632x68109,State ID,26865001
159,Benjamin,Warren,492-355-4686,8365706015,State ID,237105828
160,Jason,Cardenas,+1-588-825-1267x31736,+1-261-281-9999x635,Passport,17946066
161,Jonathan,Johnson,(971)285-1829x7077,560.424.6143x862,State ID,570364745
162,Jeanne,Wright,283-417-3452,+1-869-450-4016,State ID,268940536
163,Kathleen,Hammond,001-324-622-1570x7348,001-914-997-9232x780,Driver's license,741403418
164,John,Williams,477-836-7171x137,001-686-703-9839,Military ID,624688098
165,Marissa,Holmes,(816)346-1303x4140,788.645.9956x5599,Driver's license,232181120
166,Kristen,Meyer,+1-694-547-6958x172,+1-443-819-7000x05299,Student ID,668624934
167,Joseph,Mendez,655.596.1583x92984,(936)402-9149x06127,Student ID,747227403
168,Tiffany,Buckley,001-736-573-4162x2859,001-444-572-9564x14504,Student ID,504920507
169,Patricia,Jackson,312.774.0619,994.242.5347x17058,Driver's license,947923224
170,Nathan,Carroll,(629)556-6724x633,001-667-935-0329x6328,Student ID,763133382
171,Joel,Williams,001-835-449-3783,(222)495-2770,Student ID,250850834
172,Timothy,Garcia,9692264745,+1-963-428-0954x1016,Military ID,658575436
173,Tiffany,Miller,(769)311-9986,+1-628-491-5287x066,Driver's license,376805577
174,Justin,Huang,+1-409-756-4573x04307,+1-484-577-1747,Military ID,963262801
175,Adriana,Montoya,869-258-0052x86019,(940)376-5599x500,State ID,102417533
176,Glenda,Johnson,7129962129,901.474.6084x94336,Student ID,192716275
177,Christopher,Phillips,7622467276,+1-685-947-8418,Driver's license,390548587
178,Nancy,Strong,001-390-959-2085x2696,+1-214-279-2105x378,Driver's license,601101725
179,Maria,Hale,(776)450-4219x089,+1-855-245-3189x0286,Driver's license,476666665
180,Jaime,Campbell,001-455-769-3177x05346,001-907-850-8122x300,Student ID,425757054
181,Kelli,Nichols,+1-234-203-0320,+1-927-920-5693x22300,Passport,485249506
182,Jerry,Smith,(972)912-7230x8368,241-637-0679,Student ID,961899421
183,Joshua,Johnson,(931)386-2996x70292,(255)739-1345,Military ID,156333640
184,Tammy,Thomas,001-342-619-3156x675,(907)479-8554x203,Driver's license,236606987
185,Stephen,Young,+1-394-344-1630,+1-428-284-6344x992,State ID,801443472
186,Christopher,Boone,001-527-677-0841x82454,462.799.3617x28533,Military ID,855423250
187,Edward,Trujillo,(855)314-0951,001-300-470-3270x38868,Driver's license,369305044
188,Bryan,Henderson,511-343-2576,+1-637-354-4332,State ID,211213344
189,Susan,Hartman,001-274-780-0415,440.801.1288x534,Student ID,683341130
190,Joshua,Golden,483.549.3423x869,242-692-1698,Military ID,59825870
191,Paul,Ramirez,001-250-359-9961x168,287-292-9115,Passport,91156963
192,Haley,Hubbard,337-290-2144x12827,+1-923-943-1240,Driver's license,609073553
193,John,Anderson,7435700582,(818)863-0146,Passport,469195589
194,Danielle,Avila,553.757.5516x994,+1-827-648-9136,State ID,963355459
195,Karen,Wilkinson,001-231-328-6719x45209,254-770-7114,Passport,79322968
196,Juan,Rose,579.339.5404x7128,7444331051,Passport,748331628
197,Danielle,Ward,(414)384-2353x4060,674.869.1962x0248,State ID,609215759
198,Yolanda,Conley,419.229.2358,(809)519-3570,State ID,604047403
199,Amanda,Lucas,001-757-616-8053x711,+1-436-666-1943x561,Driver's license,817839496
